Symbol,Price,Market Cap (₹ Cr),PE,ForwardPE,PB,ROE (%),ROCE (%),DebtToEquity,30D High,30D Low,52WeekHigh,52WeekLow
"RELIANCE.NS
",1172.2,,21.227814,16.415892,1.7546722,,8.99,46.278,1294.699951171875,1160.199951171875,1611.8,1160.2
"TCS.NS
",2171.8,,15.775824,13.433076,7.166995,47.74,54.93,10.211,2323.0,2032.4000244140625,3350.0,1976.8
"INFY.NS
",1019.6,412973.0,13.891007,12.746717,4.456618,32.0,41.66,9.541,1097.699951171875,980.4000244140625,1728.0,980.4
WHIRLPOOL.NS,813.0,10319.0,41.102123,23.321726,2.4796338,,9.0,8.621,960.0,706.0,1437.0,706.0
WIPRO.NS,162.87,161134.0,12.936457,11.719686,2.0795455,16.13,17.85,27.398,173.35000610351562,156.7899932861328,273.1,156.79
ZAGGLE.NS,166.5,2243.0,16.633366,10.072595,1.7133508,,13.46,3.884,188.5399932861328,166.3300018310547,405.4,154.36
WAAREEENER.NS,2320.2,66741.0,18.14641,14.155434,4.62009,,30.1,21.402,2635.0,2281.800048828125,3718.8,2281.8
WCIL.NS,96.9,988.0,26.916668,,1.1394906,,7.86,26.012,99.98999786376953,82.0999984741211,137.0,77.02
TMPV.NS,279.35,102884.0,,5.8912454,0.91789997,,0.55,70.364,320.1499938964844,272.20001220703125,688.6,272.2
TTML.NS,32.86,6424.0,172.94737,,-0.32146037,,-6.8,,38.25,32.650001525878906,59.59,31.22
UPL.NS,489.05,41339.0,20.267302,10.381723,1.1898795,,9.94,57.128,580.0,476.45001220703125,812.2,481.9
VEEDOL.NS,1359.5,2310.0,10.703039,,2.2310035,,22.19,1.534,1467.0999755859375,1338.0,1894.3,1238.2
VISACHROME.NS,33.65,491.0,0.39742532,,-1.8288045,,-583.89,,38.599998474121094,28.799999237060547,73.68,27.05
TATAELXSI.NS,3093.6,19273.0,30.290808,21.83204,6.3367085,,26.25,5.336,3532.10009765625,2996.0,5950.0,2996.0
TATAPOWER.NS,339.65,108530.0,28.931005,20.625225,2.7492452,,8.53,168.051,377.6499938964844,333.6000061035156,464.9,333.6
TATASTEEL.NS,173.02,215831.0,19.550282,9.665922,2.1140735,,11.32,89.017,191.8000030517578,170.22999572753906,224.4,160.06
TCS.NS,2171.5,,15.774371,13.431839,7.1663356,47.74,54.93,10.211,2323.0,2032.4000244140625,3350.0,1976.8
SYNGENE.NS,349.6,14072.0,63.67942,32.80002,2.903534,,8.28,9.473,390.0,344.45001220703125,678.95,344.45
TAJGVK.NS,322.3,2021.0,4.91311,111.137924,1.9775068,,27.06,9.027,347.70001220703125,310.0,438.25,281.35
TATACONSUM.NS,951.55,94174.0,58.59298,39.882942,4.3218093,,8.29,12.159,1020.2999877929688,945.0,1282.7,945.0
ROTO.NS,59.65,1127.0,20.428082,,4.6787987,,15.83,13.234,67.19569118624092,58.900001525878906,80.77,47.5
RPOWER.NS,19.83,,,,0.51131964,,4.48,92.348,22.899999618530273,19.09000015258789,50.73,19.09
SAMMAANCAP.NS,126.81,14566.0,,,0.5458607,,-12.84,273.033,153.24000549316406,125.66000366210938,192.95,125.66
RELIANCE.NS,1172.6,,21.23506,16.421495,1.755271,,8.99,46.278,1294.699951171875,1160.199951171875,1611.8,1160.2
NETWEB.NS,4740.8,28183.0,102.63693,56.27868,37.2242,,38.78,39.019,5127.5,4388.0,5813.0,2920.0
NTPC.NS,312.25,302778.0,10.906392,11.183387,1.490852,,8.95,128.345,337.5,308.45001220703125,414.4,308.45
PARAGMILK.NS,300.5,3772.0,29.723047,18.899372,2.983637,,15.55,48.262,317.0,245.3054032784263,376.95,177.84
MARKSANS.NS,311.35,14109.0,27.287468,22.13388,4.6670766,,17.54,11.248,350.95001220703125,301.1000061035156,350.95,155.0
MMFL.NS,548.35,2642.0,15.266388,13.267879,2.7095938,,11.9,126.624,648.3499755859375,542.5,687.95,288.1
NATCOPHARM.NS,797.5,14674.0,12.58482,16.836735,1.5487783,,16.15,7.742,850.8637084960938,787.4500122070312,1226.8,787.45
NELCO.NS,848.0,1935.0,501.77512,,15.019749,,6.76,56.54,1058.800048828125,845.75,1120.0,500.1
LTM.NS,4012.7,118961.0,22.848764,17.509521,4.8488913,21.97,25.39,9.874,4568.89990234375,3905.60009765625,6429.5,3528.0
LXCHEM.NS,181.1,5033.0,60.568565,23.828949,2.5277765,,4.36,27.344,193.77000427246094,165.11000061035156,209.0,107.6
KPITTECH.NS,477.15,12989.0,22.42246,15.3924465,3.6683526,,21.27,23.624,580.9500122070312,470.1000061035156,1284.9,470.1
LGEINDIA.NS,1748.0,118649.0,65.00558,43.93575,15.478204,,27.64,5.99,1825.0,1599.0,1825.0,1304.1
IRB.NS,17.45,21076.0,22.088608,13.219697,0.9871027,,5.77,95.6,20.600000381469727,16.75,23.95,16.75
IRCTC.NS,457.85,36628.0,26.283009,20.439734,8.501217,,41.15,1.874,479.49010839997374,446.0256812201048,735.75,446.5
JIOFIN.NS,214.37,141552.0,66.57453,47.357105,1.0138764,,1.74,16.286,234.0,208.5,316.85,208.5
KAYNES.NS,3251.7,21859.0,65.98417,36.23124,4.6899405,,11.99,19.168,3707.199951171875,3200.10009765625,7183.0,2995.0
IDEAFORGE.NS,677.05,3366.0,82.4665,34.36802,4.891132,,-2.62,13.974,784.7999877929688,649.1500244140625,992.25,366.0
IOC.NS,125.98,,5.3066554,6.6896343,0.79022974,,20.53,58.446,139.3000030517578,125.2699966430664,188.96,125.27
IRB.NS,17.45,21076.0,22.088608,13.219697,0.9871027,,5.77,95.6,20.600000381469727,16.75,23.95,16.75
INFY.NS,1019.9,413095.0,13.895096,12.750468,4.457929,32.0,41.66,9.541,1097.699951171875,980.4000244140625,1728.0,980.4
HEXT.NS,535.5,32654.0,24.56422,19.459517,4.865307,21.47,24.03,10.18,574.5,476.25,807.75,400.2
HINDUNILVR.NS,1857.3,436390.0,41.6435,34.965595,8.953605,,22.15,3.016,1979.5999755859375,1826.9000244140625,2667.2,1826.9
ICICIAMC.NS,3043.0,150403.0,43.33523,32.935493,36.057922,,98.3,4.066,3287.0,2953.60009765625,3611.0,2530.0
EXIDEIND.NS,392.05,33324.0,35.770985,21.145267,2.3965986,,8.81,11.308,444.70001220703125,391.29998779296875,496.4,287.0
GPIL.NS,204.9,13334.0,16.083202,9.106667,2.1668782,,17.56,7.582,255.0,203.82000732421875,320.0,203.82
GRINFRA.NS,792.9,7672.0,7.466102,8.152375,0.81794554,,12.36,51.877,892.9500122070312,775.0,1279.9,775.0
HCLTECH.NS,1207.4,326694.0,18.783447,15.0734005,4.4262915,24.07,27.21,7.058,1290.0,1172.800048828125,1780.1,1030.0
DABUR.NS,383.4,68014.0,34.54054,29.14973,5.9549875,,20.8,10.907,395.45001220703125,368.04998779296875,534.0,368.05
DMART.NS,3566.2,232627.0,76.02217,51.892315,9.485936,,16.41,9.913,3880.0,3521.0,4644.0,3521.0
EIHOTEL.NS,290.4,18161.0,25.056082,19.555555,3.4511032,,16.23,4.666,321.1499938964844,280.29998779296875,405.0,271.15
ELECTCAST.NS,73.76,4560.0,39.87027,17.153488,0.76979274,,4.9,26.35,80.9800033569336,70.0999984741211,99.0,60.15
BHEL.NS,434.75,151383.0,62.195995,31.090591,5.7897964,,6.6,31.312,455.95001220703125,402.6000061035156,455.95,229.54
BPCL.NS,284.4,121512.0,7.094038,7.168455,1.2134503,,26.36,54.332,318.20001220703125,282.95001220703125,391.65,266.6
BRIGADE.NS,548.0,17874.0,25.41744,14.659944,26.203796,,9.78,84.316,689.2999877929688,543.8499755859375,802.0125,450.75
BAJAJELEC.NS,294.85,3403.0,,18.50578,2.1341972,,-1.92,104.575,346.1499938964844,289.04998779296875,560.95,289.05
BATAINDIA.NS,605.25,7779.0,53.23219,28.411053,4.8753476,,11.23,86.9,666.9500122070312,600.1500244140625,1195.0,600.15
ALIVUS.NS,1325.9,16278.0,26.391321,21.10872,4.892295,,21.78,1.704,1446.0,1298.0,1493.8,819.0
APOLLO.NS,391.6,14552.0,115.51622,49.41325,10.292803,,13.04,41.527,427.6869882771289,361.17786428503416,466.5,179.5
ARE&M.NS,720.85,13193.0,14.0571375,12.471916,1.629021,,14.23,5.015,842.4000244140625,716.0999755859375,1023.0,670.0
